Model,AUC_mean,AUC_ci_low,AUC_ci_high,Accuracy_mean,Accuracy_ci_low,Accuracy_ci_high,n_runs
Learned BN HC,0.6712378491179397,0.5451029844472468,0.8034607283228606,0.6739999999999999,0.58,0.75275,30
Naive Bayes,0.7338178865620043,0.6398143935057998,0.8360577860405526,0.6943333333333334,0.61175,0.7709999999999999,30
Original BN + noisy-OR CPT,0.7312155307023743,0.640963924632353,0.817722217788065,0.6813333333333332,0.57,0.7655,30
