n,seed,Algorithm,TP,FP,FN,Precision,Recall,SkeletonF1,DirectedF1,Hamming,StructuralHamming
100,42,HillClimb,4,0,4,1.0,0.5,0.6666666666666666,0.16666666666666666,4,6
100,42,MIIC,4,0,4,1.0,0.5,0.6666666666666666,0.0,4,6
500,42,HillClimb,8,1,0,0.8888888888888888,1.0,0.9411764705882353,0.23529411764705882,1,6
500,42,MIIC,8,0,0,1.0,1.0,1.0,1.0,0,0
1000,42,HillClimb,8,0,0,1.0,1.0,1.0,0.5,0,2
1000,42,MIIC,8,0,0,1.0,1.0,1.0,0.875,0,1
