Model,AUC,Accuracy
Original BN + noisy-OR CPT,0.7132519222071461,0.64
Learned BN HC,0.6999095431931254,0.64
Naive Bayes,0.716644052464948,0.65
