n,seed,Algorithm,TP,FP,FN,Precision,Recall,SkeletonF1,DirectedF1,Hamming,StructuralHamming
100,42,HillClimb,5,0,3,1.0,0.625,0.7692307692307693,0.15384615384615385,3,6
100,42,MIIC,5,0,3,1.0,0.625,0.7692307692307693,0.6153846153846154,3,6
500,42,HillClimb,8,0,0,1.0,1.0,1.0,0.5,0,2
500,42,MIIC,8,0,0,1.0,1.0,1.0,0.75,0,2
1000,42,HillClimb,8,2,0,0.8,1.0,0.888888888888889,0.11111111111111112,2,7
1000,42,MIIC,8,0,0,1.0,1.0,1.0,1.0,0,0
