Model,AUC,Accuracy
Original BN + noisy-OR CPT,0.7619780219780219,0.67
Learned BN HC,0.6934065934065934,0.65
Naive Bayes,0.7316483516483516,0.69
