n,Algorithm,SkeletonF1_mean,SkeletonF1_ci_low,SkeletonF1_ci_high,DirectedF1_mean,DirectedF1_ci_low,DirectedF1_ci_high,Hamming_mean,Hamming_ci_low,Hamming_ci_high,n_runs
100,HillClimb,0.8070755225166991,0.5928205128205128,0.9333333333333333,0.340859010270775,0.09062500000000001,0.6180288461538461,2.7666666666666666,1.0,5.549999999999997,30
100,MIIC,0.8179027508439274,0.6525641025641026,0.9333333333333333,0.3912549378725849,0.0,0.8004166666666664,2.6333333333333333,1.0,5.0,30
500,HillClimb,0.966132897603486,0.8608455882352941,1.0,0.5185403050108933,0.2011437908496732,0.7843749999999998,0.5666666666666667,0.0,2.2749999999999986,30
500,MIIC,0.984983660130719,0.9172916666666667,1.0,0.8546732026143791,0.5177083333333333,1.0,0.23333333333333334,0.0,1.2749999999999986,30
1000,HillClimb,0.9625272331154684,0.888888888888889,1.0,0.5139705882352942,0.11111111111111112,0.875,0.6666666666666666,0.0,2.0,30
1000,MIIC,1.0,1.0,1.0,0.9625,0.840625,1.0,0.0,0.0,0.0,30
