n,Algorithm,SkeletonF1_mean,SkeletonF1_ci_low,SkeletonF1_ci_high,DirectedF1_mean,DirectedF1_ci_low,DirectedF1_ci_high,Hamming_mean,Hamming_ci_low,Hamming_ci_high,n_runs
100,HillClimb,0.8096561771561773,0.6333333333333333,0.9333333333333333,0.3336871461871463,0.09062500000000001,0.7142857142857143,2.6666666666666665,1.0,5.0,30
100,MIIC,0.8201603788368496,0.6333333333333333,0.9516666666666665,0.3791966530201824,0.0,0.7999999999999999,2.533333333333333,0.7250000000000001,5.0,30
500,HillClimb,0.9552832244008715,0.875,1.0,0.4048747276688453,0.08055555555555557,0.6593749999999998,0.7666666666666667,0.0,2.0,30
500,MIIC,0.9933333333333334,0.9333333333333333,1.0,0.826111111111111,0.125,1.0,0.1,0.0,1.0,30
1000,HillClimb,0.951347322554753,0.8421052631578948,1.0,0.4691592133929596,0.08055555555555557,0.875,0.8666666666666667,0.0,3.0,30
1000,MIIC,1.0,1.0,1.0,0.9625,0.875,1.0,0.0,0.0,0.0,30
