Model,AUC_mean,AUC_ci_low,AUC_ci_high,Accuracy_mean,Accuracy_ci_low,Accuracy_ci_high,n_runs
Learned BN HC,0.6626718159339837,0.49644607843137256,0.7780491031639928,0.6839999999999999,0.58,0.76275,30
Naive Bayes,0.7199300486351196,0.585134168416773,0.8263088956883523,0.6953333333333336,0.6045,0.78825,30
Original BN + noisy-OR CPT,0.73529176173396,0.6274293592436975,0.8219474539544962,0.6953333333333335,0.609,0.75275,30
