n,seed,Algorithm,TP,FP,FN,Precision,Recall,SkeletonF1,DirectedF1,Hamming,StructuralHamming
100,42,HillClimb,6,0,2,1.0,0.75,0.8571428571428571,0.5714285714285715,2,5
100,42,MIIC,6,0,2,1.0,0.75,0.8571428571428571,0.28571428571428575,2,5
500,42,HillClimb,8,1,0,0.8888888888888888,1.0,0.9411764705882353,0.5882352941176471,1,3
500,42,MIIC,8,0,0,1.0,1.0,1.0,1.0,0,0
1000,42,HillClimb,8,2,0,0.8,1.0,0.888888888888889,0.11111111111111112,2,7
1000,42,MIIC,8,0,0,1.0,1.0,1.0,1.0,0,0
