Model,AUC,Accuracy
Original BN + noisy-OR CPT,0.7459893048128342,0.69
Learned BN HC,0.6960784313725491,0.66
Naive Bayes,0.7428698752228164,0.7
