Model,AUC_mean,AUC_ci_low,AUC_ci_high,Accuracy_mean,Accuracy_ci_low,Accuracy_ci_high,n_runs
Learned BN HC,0.7357138451487714,0.5818872753124742,0.8441467791252072,0.7213333333333333,0.6345000000000001,0.7955,30
Naive Bayes,0.7570296649922686,0.6636042999289268,0.8316738500013302,0.722,0.6445000000000001,0.7827500000000001,30
Original BN + noisy-OR CPT,0.7638461072076944,0.6919957356076759,0.8440978258565129,0.7003333333333333,0.629,0.77,30
